<?xml version="1.0" encoding="utf-8"?>
<content>
  <section name="imagesData">
 <category name="Referenciák" folderID="1">
        <image>
			<item name="imageUrl">vakmero4.jpg</item>
			<item name="imageComment"><![CDATA[]]></item>
		</image>
		<image>
			<item name="imageUrl">nappali4.jpg</item>
			<item name="imageComment"><![CDATA[
 <br>TETŐTÉRI SZÍNPOMPA<br>kényelem, vidámság két gyerekkel, mindössze 60m²-en. /nappali/<br>
			]]></item>
		</image>
		<image>
			<item name="imageUrl">nappali7.jpg</item>
			<item name="imageComment"><![CDATA[
 <br>..az előszoba ...<br>
			]]></item>
		</image>
		<image>
			<item name="imageUrl">nappali2.jpg</item>
			<item name="imageComment"><![CDATA[
 <br>..étkező...<br>
			]]></item>
		</image>
		<image>
			<item name="imageUrl">nappali3.jpg</item>
			<item name="imageComment"><![CDATA[
 <br>..étkező és a konyha...<br>
			]]></item>
		</image>
		<image>
		    <item name="imageUrl">napteto.jpg</item>
		    <item name="imageComment"><![CDATA[
			<br>..tetőtér a tetőtérben...<br>
			]]></item>
		</image>
		<image>
			<item name="imageUrl">rfurdo.jpg</item>
			<item name="imageComment"><![CDATA[
 <br>..fürdőszoba 4,5m²-en...<br>
			]]></item>
		</image>
		<image>
			<item name="imageUrl">rkonyha.jpg</item>
			<item name="imageComment"><![CDATA[
 <br>..mini konyha...<br>
			]]></item>
		</image>
		<image>
			<item name="imageUrl">oreglaktanya.jpg</item>
			<item name="imageComment"><![CDATA[]]></item>
		</image>
		<image>
			<item name="imageUrl">laktanya.jpg</item>
			<item name="imageComment"><![CDATA[
 <br>AZ ÖREG LAKTANYA<br>századeleji laktanyai lakás új ruhában / nappali /<br>
			]]></item>
		</image>		
		
			<image>
			<item name="imageUrl">furdo3.jpg</item>
			<item name="imageComment"><![CDATA[
 <br>..fürdőszoba...<br>
			]]></item>
		</image>
		<image>
			<item name="imageUrl">provance.jpg</item>
			<item name="imageComment"><![CDATA[]]></item>
		</image>
		<image>
			<item name="imageUrl">nyaralonappali.jpg</item>
			<item name="imageComment"><![CDATA[
 <br>PROVANCE-I HÉTVÉGE<br>
 pihenés a Duna parton mindössze 43 m²-en./nappali/<br>
			]]></item>
		</image>
		<image>
			<item name="imageUrl">nyaralokert.jpg</item>
			<item name="imageComment"><![CDATA[
 <br>..zöldek játéka,színek "illata"...<br>
			]]></item>
		</image>
	
	<image>
			<item name="imageUrl">myaraloterasz.jpg</item>
			<item name="imageComment"><![CDATA[
 <br>..azok a romantikus esték...<br>
			]]></item>
		</image>
		<image>
			<item name="imageUrl">nyaralo2.jpg</item>
			<item name="imageComment"><![CDATA[
 <br>..minden egyben,terasz és nappali...<br>
			]]></item>
		</image>
		<image>
			<item name="imageUrl">okor2.jpg</item>
			<item name="imageComment"><![CDATA[]]></item>
		</image>
		<image>
			<item name="imageUrl">zebra.jpg</item>
			<item name="imageComment"><![CDATA[
 <br>ZEBRA CIPŐBOLT<br>Ókori-görög mitológiát sejtető berendezési tárgyak,modern<br>üvegtégla,
valamint a Vasarelyt idéző mozaik eklektikus egyvelege<br>ejti bámulatba itt a vásárlót.<br>
			]]></item>
		</image>
		<image>
		    <item name="imageUrl">haz.jpg</item>
		    <item name="imageComment"><![CDATA[<br>IMMÁNUEL ÜZLETHÁZ<br>
			]]></item>
		</image>
		
		
	</category>


	
		
		<category name="Publikációk" folderID="3">
		<image>
			<item name="imageUrl">otthon.jpg</item>
			<item name="imageComment"><![CDATA[]]></item>
		</image>
		<image>
			<item name="imageUrl">otthonfurdo.jpg</item>
			<item name="imageComment"><![CDATA[]]></item>
		</image>
		<image>
			<item name="imageUrl">otthonnap.jpg</item>
			<item name="imageComment"><![CDATA[]]></item>
		</image>
		<image>
			<item name="imageUrl">otthonnap2.jpg</item>
			<item name="imageComment"><![CDATA[]]></item>
		</image>

</category>
	<category name="Tervrajzok" folderID="3">
		<image>
			<item name="imageUrl">nappali_falnezet2.jpg</item>
			<item name="imageComment"><![CDATA[
 <br>A lakás középpontjában egy Kundalini lámpa...<br>
			]]></item>
		</image>
		<image>
			<item name="imageUrl">halo.jpg</item>
			<item name="imageComment"><![CDATA[
 <br>kuriózum,hálóban a fürdő...<br>
			]]></item>
		</image>
	<image>
			<item name="imageUrl">konyha.jpg</item>
			<item name="imageComment"><![CDATA[
 <br>barokk motívumok,high tech elemekkel fűszerezve...<br>
			]]></item>
		</image>
		<image>
			<item name="imageUrl">furdo.jpg</item>
			<item name="imageComment"><![CDATA[
 <br>...fürdő a hálóban<br>
			]]></item>
		</image>
		<image>
			<item name="imageUrl">nappali.jpg</item>
			<item name="imageComment"><![CDATA[
 <br>nappali az eklektika jegyében...<br>
			]]></item>
		</image>
		<image>
			<item name="imageUrl">halo_falnezet.jpg</item>
			<item name="imageComment"><![CDATA[
 <br>háló falnézet...<br>
			]]></item>
		</image>
			<image>
			<item name="imageUrl">nappali_falnezet.jpg</item>
			<item name="imageComment"><![CDATA[
 <br>nappali falnézet...<br>
			]]></item>
		</image>
		


		<image>
			<item name="imageUrl">konyha.jpg</item>
			<item name="imageComment"><![CDATA[
 <br>konyha....<br>
			]]></item>
		</image>
		<image>
			<item name="imageUrl">konyha_falnezet.jpg</item>
			<item name="imageComment"><![CDATA[
 <br>konyha falnézet...<br>
			]]></item>
		</image>
						<image>
			<item name="imageUrl">nappali_falnezet3.jpg</item>
			<item name="imageComment"><![CDATA[
 <br>nappali ékessége a Ron Arad fotel...<br>
 ]]></item>
		</image>

		<image>
			<item name="imageUrl">emelethalo_falnezet.jpg</item>
			<item name="imageComment"><![CDATA[
 <br>Chippendal óra, empire ágy modern bútorok társaságában<br> az emeleten...<br>
			]]></item>
		</image>
		
			<image>
			<item name="imageUrl">emelet_falnezet.jpg</item>
			<item name="imageComment"><![CDATA[
 <br>az angol barokk fésülködő asztal,az olasz késői gótikus <br>
Savonarola szék pikkáns hangulatot kölcsönöz a szobának<br>
			]]></item>
		</image>
		
			<image>
			<item name="imageUrl">foldszintialaprajz.jpg</item>
			<item name="imageComment"><![CDATA[
 <br>földszinti alaprajz... <br>
			]]></item>
		</image>
		
		<image>
			<item name="imageUrl">emeletalaprajz.jpg</item>
			<item name="imageComment"><![CDATA[
 <br>emelti alaprajz... <br>
			]]></item>
		</image>
	</category>
	<category name="Montázsok" folderID="4">
	<image>
			<item name="imageUrl">nappali_montazs.jpg</item>
			<item name="imageComment"><![CDATA[
 <br>NAPPALI MONTÁZS <br>Ron Arad fotel,Kundalini lámpa...  barokk,reneszánsz,high tech...  <br>
			]]></item>
		</image>
		
		<image>
			<item name="imageUrl">furdo_montazs.jpg</item>
			<item name="imageComment"><![CDATA[
 <br>FÜRDŐSZOBA MONTÁZS...<br>
			]]></item>
		</image>
		<image>
			<item name="imageUrl">konyhamontazs.jpg</item>
			<item name="imageComment"><![CDATA[
 <br>KONYHA MONTÁZS...<br>
			]]></item>
		</image>
		<image>
			<item name="imageUrl">halo_montazs.jpg</item>
			<item name="imageComment"><![CDATA[
 <br>HÁLÓ MONTÁZS...<br>
			]]></item>
		</image>
		
		
	</category>

  </section>
  <section name="settings">
    <option name="previewPosition">top</option>
    <option name="previewOffset">23</option>
    <option name="imageWidth">84</option>
    <option name="imageHeight">62</option>
    <option name="hSpace">0</option>
    <option name="vSpace">7</option>
    <option name="colls">3</option>
    <option name="rows">1</option>
    <option name="listingOffset">15</option>
    <option name="openInBrowser">false</option>
    <option name="commentPosition">right</option>
  </section>
  <!-- Do not edit anything below this line instead you know what are you doing -->
  <section name="systemOptions">
    <option name="killCache">false</option>
    <option name="stageWidth">982</option>
    <option name="stageHeight">793</option>
    <option name="galleryWidth">664</option>
    <option name="galleryHeight">621</option>
    <option name="previewXCorrection">0</option>
    <option name="previewYCorrection">3</option>
    <option name="previewHeightCorrection">-2</option>
    <option name="previewWidthCorrection">0</option>
    <option name="zoomX">7</option>
    <option name="zoomY">6</option>
    <option name="menuPosition">vertical</option>
    <option name="menuWidthOrHeight">600</option>
    <option name="galleryButtonCorrection">-6</option>
    <option name="pageBackCorrection">-24</option>
    <option name="pageNextCorrection">90</option>
    <option name="commentXCorrection">385.0</option>
    <option name="commentYCorrection">0.0</option>
    <option name="commentLeft">-185</option>
    <option name="commentRight">0</option>
    <option name="menuOffset">0</option>
    <option name="smallPictureXCorrection">-3</option>
    <option name="smallPictureYCorrection">-3</option>
    <option name="smallPictureHeightCorrection">3</option>
    <option name="smallPictureWidthCorrection">3</option>
    <option name="templateHelpPreview">true</option>
  </section>
  <section name="galleryAdminDefaults">
    <option name="maxGalleriesAllowed">100</option>
    <option name="minImageWidth">50</option>
    <option name="minImageHeight">50</option>
    <option name="maxImageWidth">300</option>
    <option name="maxImageHeight">300</option>
    <option name="minPreviewWidth">100</option>
    <option name="minPreviewHeight">100</option>
    <option name="maxPreviewWidth">1024</option>
    <option name="maxPreviewHeight">768</option>
    <option name="minPreviewOffset">-1</option>
    <option name="maxPreviewOffset">30</option>
    <option name="minHSpace">-1</option>
    <option name="maxHSpace">20</option>
    <option name="minVSpace">-1</option>
    <option name="maxVSpace">20</option>
    <option name="minListingOffset">0</option>
    <option name="maxListingOffset">30</option>
    <option name="minColsNumber">0</option>
    <option name="maxColsNumber">6</option>
    <option name="minRowsNumber">0</option>
    <option name="maxRowsNumber">6</option>
    <option name="maxCommentChars">1000</option>
    <!-- Gallery Preferences Defaults -->
    <option name="previewPosition">top</option>
    <option name="previewOffset">23</option>
    <option name="imageWidth">84</option>
    <option name="imageHeight">62</option>
    <option name="hSpace">0</option>
    <option name="vSpace">7</option>
    <option name="openInBrowser">false</option>
    <option name="commentPosition">left</option>
    <option name="colls">3</option>
    <option name="rows">1</option>
    <option name="listingOffset">15</option>
    <option name="commentPosition">right</option>
  </section>
  <!-- Do not edit anything below this line instead you know what are you doing -->
</content>