<?xml version="1.0" encoding="utf-8"?>
<content>
  <section name="imagesData">
 <category name="References" folderID="1">
        <image>
			<item name="imageUrl">brilliancy.jpg</item>
			<item name="imageComment"><![CDATA[]]></item>
		</image>
		<image>
			<item name="imageUrl">nappali4.jpg</item>
			<item name="imageComment"><![CDATA[
 <br>COMFORT AND LAUGHING IN THE ATTIC WITH TWO <br>CHILDREN ON NOT MORE THAN 60 SQUARE METER<br> /living room/<br>
			]]></item>
		</image>
		<image>
			<item name="imageUrl">nappali6.jpg</item>
			<item name="imageComment"><![CDATA[
 <br>..the antechamber...<br>
			]]></item>
		</image>
		<image>
			<item name="imageUrl">nappali2.jpg</item>
			<item name="imageComment"><![CDATA[
 <br>..dining-room ...<br>
			]]></item>
		</image>
		<image>
			<item name="imageUrl">nappali3.jpg</item>
			<item name="imageComment"><![CDATA[
 <br>..dining-room and the kitchen...<br>
			]]></item>
		</image>
		<image>
			<item name="imageUrl">rfurdo.jpg</item>
			<item name="imageComment"><![CDATA[
 <br>..bathroom on 4,5 square meter...<br>
			]]></item>
		</image>
		<image>
			<item name="imageUrl">rkonyha.jpg</item>
			<item name="imageComment"><![CDATA[
 <br>..the little but comfortable kitchen...<br>
			]]></item>
		</image>
		<image>
			<item name="imageUrl">oldbarracks2.jpg</item>
			<item name="imageComment"><![CDATA[]]></item>
		</image>
		<image>
			<item name="imageUrl">laktanya.jpg</item>
			<item name="imageComment"><![CDATA[
 <br>A BARRACK FLAT FROM THE BEGINING OF THE CENTURY IN <br>NEW CLOTHES /living room/<br>
			]]></item>
		</image>		
		<image>
			<item name="imageUrl">furdo2.jpg</item>
			<item name="imageComment"><![CDATA[
 <br>..its bathroom...<br>
			]]></item>
		</image>
		<image>
			<item name="imageUrl">provance.en.jpg</item>
			<item name="imageComment"><![CDATA[]]></item>
		</image>
		<image>
			<item name="imageUrl">nyaralonappali.jpg</item>
			<item name="imageComment"><![CDATA[
 <br>REST IN THE WEEKEND ON THE COUST OF THE DANUBE IN <br>STYLE OF PROVANCE ON NOT MORE THAN 43 <br>SQURE METER/living room/<br>
			]]></item>
		</image>
		<image>
			<item name="imageUrl">nyaralokert.jpg</item>
			<item name="imageComment"><![CDATA[
 <br>..baking in the garden...<br>
			]]></item>
		</image>
	    <image>
			<item name="imageUrl">myaraloterasz.jpg</item>
			<item name="imageComment"><![CDATA[
 <br>terrace of the summer house in the evening...<br>
			]]></item>
		</image>
		<image>
			<item name="imageUrl">nyaralo2.jpg</item>
			<item name="imageComment"><![CDATA[
 <br>..teracce and living room...<br>
			]]></item>
		</image>
		<image>
			<item name="imageUrl">okor.en2.jpg</item>
			<item name="imageComment"><![CDATA[]]></item>
		</image>
		<image>
			<item name="imageUrl">zebra.jpg</item>
			<item name="imageComment"><![CDATA[
 <br>Antiquity magic of the furniture, yelow glass counter,<br>
and a picture from Vasarelly on the floor wait for the<br>
customers here in this shoe shop<br>
			]]></item>
		</image>
		<image>
			<item name="imageUrl">haz.en.jpg</item>
			<item name="imageComment"><![CDATA[]]></item>
		</image>
		
	</category>


	
		
		<category name="Publications" folderID="3">
		<image>
			<item name="imageUrl">otthon.jpg</item>
			<item name="imageComment"><![CDATA[]]></item>
		</image>
		<image>
			<item name="imageUrl">otthonfurdo.jpg</item>
			<item name="imageComment"><![CDATA[]]></item>
		</image>
		<image>
			<item name="imageUrl">otthonnap.jpg</item>
			<item name="imageComment"><![CDATA[]]></item>
		</image>
		<image>
			<item name="imageUrl">otthonnap2.jpg</item>
			<item name="imageComment"><![CDATA[]]></item>
		</image>

</category>
	<category name="Plans" folderID="3">
			<image>
			<item name="imageUrl">nappali_falnezet2.jpg</item>
			<item name="imageComment"><![CDATA[
 <br>in the centre of the flat is a Kundalini lamp<br>
 			]]></item>
		</image>
		<image>
			<item name="imageUrl">halo.jpg</item>
			<item name="imageComment"><![CDATA[
 <br>curiosity, in net the bath...<br>
			]]></item>
		</image>
	<image>
			<item name="imageUrl">konyha.jpg</item>
			<item name="imageComment"><![CDATA[
 <br>baroque motives, with high tech elements...<br>
			]]></item>
		</image>
		<image>
			<item name="imageUrl">furdo.jpg</item>
			<item name="imageComment"><![CDATA[
 <br>...bath in the net <br>
			]]></item>
		</image>
		<image>
			<item name="imageUrl">nappali.jpg</item>
			<item name="imageComment"><![CDATA[
 <br>eclectic living room...<br>
			]]></item>
		</image>
		<image>
			<item name="imageUrl">halo_falnezet.jpg</item>
			<item name="imageComment"><![CDATA[
 <br>bedroom wall view...<br>
			]]></item>
		</image>
			<image>
			<item name="imageUrl">nappali_falnezet.jpg</item>
			<item name="imageComment"><![CDATA[
 <br>living room wall view...<br>
			]]></item>
		</image>
				
		<image>
			<item name="imageUrl">konyha.jpg</item>
			<item name="imageComment"><![CDATA[
 <br>kitchen...<br>
			]]></item>
		</image>
		<image>
			<item name="imageUrl">konyha_falnezet.jpg</item>
			<item name="imageComment"><![CDATA[
 <br>kitchen wall view...<br>
			]]></item>
		</image>
		<image>
			<item name="imageUrl">nappali_falnezet3.jpg</item>
			<item name="imageComment"><![CDATA[
 <br>the living room  ornament is the Ron Arad <br>armchair.../wall view/<br>
			]]></item>
		</image>


		<image>
			<item name="imageUrl">emelethalo_falnezet.jpg</item>
			<item name="imageComment"><![CDATA[
 <br>Chippendal clock,Empire bed together with modern <br>furnitures on the upstairs /wall view/<br>
			]]></item>
		</image>
		
			<image>
			<item name="imageUrl">emelet_falnezet.jpg</item>
			<item name="imageComment"><![CDATA[
 <br>the English baroque combing table, the Italian late<br>
Gothic Savonarola chair give a piquant mood  for the room<br>
			]]></item>
		</image>
		
			<image>
			<item name="imageUrl">foldszintialaprajz.jpg</item>
			<item name="imageComment"><![CDATA[
 <br>downstairs wall view... <br>
			]]></item>
		</image>
		
		<image>
			<item name="imageUrl">emeletalaprajz.jpg</item>
			<item name="imageComment"><![CDATA[
 <br>upstairs wall view... <br>
			]]></item>
		</image>
	</category>
	<category name="Montages" folderID="4">
	<image>
			<item name="imageUrl">nappali_montazs.jpg</item>
			<item name="imageComment"><![CDATA[
<br>LIVING ROOM MONTAGE<br>Ron Arad armchair, Kundalini lamp.. baroque, renaissance,<br>high tech<br>
			]]></item>
		</image>
		
		<image>
			<item name="imageUrl">furdo_montazs.jpg</item>
			<item name="imageComment"><![CDATA[
 <br>BATHROOM MONTAGE...<br>
			]]></item>
		</image>
		<image>
			<item name="imageUrl">konyhamontazs.jpg</item>
			<item name="imageComment"><![CDATA[
 <br>KITCHEN MONTAGE...<br>
			]]></item>
		</image>
		<image>
			<item name="imageUrl">halo_montazs.jpg</item>
			<item name="imageComment"><![CDATA[
 <br>BEDROOM MONTAGE...<br>
			]]></item>
		</image>
		
		
	</category>

  </section>
  <section name="settings">
    <option name="previewPosition">top</option>
    <option name="previewOffset">23</option>
    <option name="imageWidth">84</option>
    <option name="imageHeight">62</option>
    <option name="hSpace">0</option>
    <option name="vSpace">7</option>
    <option name="colls">3</option>
    <option name="rows">1</option>
    <option name="listingOffset">15</option>
    <option name="openInBrowser">false</option>
    <option name="commentPosition">right</option>
  </section>
  <!-- Do not edit anything below this line instead you know what are you doing -->
  <section name="systemOptions">
    <option name="killCache">false</option>
    <option name="stageWidth">982</option>
    <option name="stageHeight">793</option>
    <option name="galleryWidth">664</option>
    <option name="galleryHeight">621</option>
    <option name="previewXCorrection">0</option>
    <option name="previewYCorrection">3</option>
    <option name="previewHeightCorrection">-2</option>
    <option name="previewWidthCorrection">0</option>
    <option name="zoomX">7</option>
    <option name="zoomY">6</option>
    <option name="menuPosition">vertical</option>
    <option name="menuWidthOrHeight">600</option>
    <option name="galleryButtonCorrection">-6</option>
    <option name="pageBackCorrection">-24</option>
    <option name="pageNextCorrection">90</option>
    <option name="commentXCorrection">385.0</option>
    <option name="commentYCorrection">0.0</option>
    <option name="commentLeft">-185</option>
    <option name="commentRight">0</option>
    <option name="menuOffset">0</option>
    <option name="smallPictureXCorrection">-3</option>
    <option name="smallPictureYCorrection">-3</option>
    <option name="smallPictureHeightCorrection">3</option>
    <option name="smallPictureWidthCorrection">3</option>
    <option name="templateHelpPreview">true</option>
  </section>
  <section name="galleryAdminDefaults">
    <option name="maxGalleriesAllowed">100</option>
    <option name="minImageWidth">50</option>
    <option name="minImageHeight">50</option>
    <option name="maxImageWidth">300</option>
    <option name="maxImageHeight">300</option>
    <option name="minPreviewWidth">100</option>
    <option name="minPreviewHeight">100</option>
    <option name="maxPreviewWidth">1024</option>
    <option name="maxPreviewHeight">768</option>
    <option name="minPreviewOffset">-1</option>
    <option name="maxPreviewOffset">30</option>
    <option name="minHSpace">-1</option>
    <option name="maxHSpace">20</option>
    <option name="minVSpace">-1</option>
    <option name="maxVSpace">20</option>
    <option name="minListingOffset">0</option>
    <option name="maxListingOffset">30</option>
    <option name="minColsNumber">0</option>
    <option name="maxColsNumber">6</option>
    <option name="minRowsNumber">0</option>
    <option name="maxRowsNumber">6</option>
    <option name="maxCommentChars">1000</option>
    <!-- Gallery Preferences Defaults -->
    <option name="previewPosition">top</option>
    <option name="previewOffset">23</option>
    <option name="imageWidth">84</option>
    <option name="imageHeight">62</option>
    <option name="hSpace">0</option>
    <option name="vSpace">7</option>
    <option name="openInBrowser">false</option>
    <option name="commentPosition">left</option>
    <option name="colls">3</option>
    <option name="rows">1</option>
    <option name="listingOffset">15</option>
    <option name="commentPosition">right</option>
  </section>
  <!-- Do not edit anything below this line instead you know what are you doing -->
</content>